CustomerID,Age,Gender,Tenure,MonthlySpend,SupportTickets,SatisfactionScore,PolicyType,HasCompetitorPolicy,Region,Churn
CUST00001,56,Male,17,374.64,2,10,Life,No,North,0
CUST00002,69,Male,50,113.58,0,3,Life,No,North,1
CUST00003,46,Male,40,145.39,4,8,Home,No,North,0
CUST00004,32,Female,45,418.43,3,4,Home,Yes,North,0
CUST00005,60,Male,32,195.14,2,8,Health,Yes,South,0
CUST00006,25,Male,29,60.3,3,1,Home,No,North,1
CUST00007,38,Male,51,119.21,2,3,Life,No,East,1
CUST00008,56,Female,58,150.63,3,6,Home,No,South,0
CUST00009,36,Female,3,480.8,1,9,Vehicle,No,East,0
CUST00010,40,Male,56,307.87,2,2,Vehicle,No,North,1
CUST00011,28,Male,40,469.73,2,1,Health,No,North,1
CUST00012,28,Male,34,308.82,2,10,Life,No,East,0
CUST00013,41,Male,40,265.71,2,3,Vehicle,Yes,East,1
CUST00014,53,Female,27,191.18,3,4,Home,Yes,East,0
CUST00015,57,Female,13,322.87,5,5,Vehicle,No,West,0
CUST00016,41,Female,45,112.64,1,3,Vehicle,Yes,West,1
CUST00017,20,Female,33,454.22,5,10,Health,Yes,West,0
CUST00018,39,Male,6,423.2,3,2,Home,Yes,West,1
CUST00019,19,Male,24,192.89,3,2,Home,No,South,1
CUST00020,41,Male,19,478.76,2,7,Home,No,North,0
CUST00021,61,Female,16,421.34,4,9,Health,No,East,0
CUST00022,47,Male,40,349.84,3,10,Home,No,North,0
CUST00023,55,Female,28,104.79,4,2,Home,No,East,1
CUST00024,19,Female,33,265.21,1,7,Vehicle,No,North,0
CUST00025,38,Male,59,277.75,4,7,Vehicle,Yes,South,0
CUST00026,50,Male,59,154.65,0,7,Home,Yes,West,0
CUST00027,29,Male,48,85.98,1,3,Life,No,North,1
CUST00028,39,Female,41,399.53,6,7,Life,No,East,0
CUST00029,61,Male,13,104.92,1,1,Home,No,North,1
CUST00030,42,Female,43,317.43,3,10,Life,No,South,0
CUST00031,66,Male,45,471.4,2,1,Health,No,South,1
CUST00032,44,Female,25,444.25,4,5,Vehicle,Yes,North,0
CUST00033,59,Female,53,174.99,2,2,Health,Yes,West,1
CUST00034,45,Male,42,433.15,2,9,Vehicle,Yes,East,0
CUST00035,33,Female,36,50.15,2,7,Life,Yes,South,0
CUST00036,32,Female,27,57.96,1,4,Life,No,South,0
CUST00037,64,Male,38,321.15,0,4,Home,Yes,North,0
CUST00038,68,Female,7,214.16,4,2,Life,Yes,South,1
CUST00039,61,Male,5,223.91,5,5,Life,No,South,0
CUST00040,69,Female,43,304.0,1,4,Home,No,East,0
CUST00041,20,Male,45,136.3,7,1,Home,Yes,West,1
CUST00042,54,Male,58,145.29,2,8,Vehicle,Yes,East,0
CUST00043,68,Female,57,268.07,2,3,Life,No,West,1
CUST00044,24,Female,51,389.41,2,6,Vehicle,No,East,0
CUST00045,38,Female,31,328.77,2,4,Vehicle,No,North,0
CUST00046,26,Female,23,183.81,3,9,Health,No,South,0
CUST00047,56,Female,42,243.65,2,7,Life,No,West,0
CUST00048,35,Male,10,126.8,1,9,Life,No,North,0
CUST00049,21,Female,32,83.58,0,10,Health,No,South,0
CUST00050,42,Male,43,402.21,0,3,Vehicle,No,South,1
CUST00051,31,Male,53,169.42,1,1,Life,Yes,South,1
CUST00052,67,Female,30,129.99,4,5,Vehicle,No,East,0
CUST00053,26,Male,39,361.23,4,3,Health,No,North,1
CUST00054,43,Male,31,328.12,4,6,Home,Yes,North,0
CUST00055,19,Male,18,334.94,2,8,Vehicle,No,South,0
CUST00056,37,Male,36,153.0,3,4,Life,Yes,West,0
CUST00057,45,Female,2,154.69,1,5,Home,No,North,0
CUST00058,64,Male,14,149.36,3,5,Vehicle,No,East,0
CUST00059,24,Female,13,128.19,4,4,Vehicle,No,West,0
CUST00060,61,Female,29,345.08,1,4,Home,No,West,0
CUST00061,25,Male,12,431.61,1,4,Home,Yes,West,0
CUST00062,64,Female,39,375.94,2,4,Home,No,West,0
CUST00063,52,Female,2,406.44,2,4,Life,No,North,0
CUST00064,31,Female,32,232.16,1,5,Life,No,South,0
CUST00065,34,Male,13,344.33,4,2,Vehicle,No,West,1
CUST00066,53,Female,46,209.41,1,2,Vehicle,No,East,1
CUST00067,67,Female,27,286.48,2,9,Health,No,East,0
CUST00068,57,Female,49,266.74,3,2,Life,Yes,South,1
CUST00069,21,Male,41,129.6,2,6,Vehicle,No,North,0
CUST00070,19,Female,17,224.19,1,2,Home,No,South,1
CUST00071,23,Male,40,483.72,2,5,Home,No,West,0
CUST00072,59,Male,31,161.86,1,4,Life,Yes,North,0
CUST00073,21,Male,34,110.21,4,7,Home,Yes,North,0
CUST00074,46,Male,24,238.36,3,7,Health,No,West,0
CUST00075,35,Male,45,405.65,0,6,Vehicle,No,East,0
CUST00076,43,Male,35,311.97,3,10,Vehicle,No,West,0
CUST00077,61,Female,48,356.44,2,5,Vehicle,No,South,0
CUST00078,51,Male,6,135.36,2,1,Life,No,West,1
CUST00079,27,Female,19,328.53,0,3,Home,No,East,1
CUST00080,53,Female,30,195.58,2,9,Health,Yes,West,0
CUST00081,31,Male,7,425.44,2,1,Life,No,South,1
CUST00082,48,Female,10,333.18,2,5,Vehicle,Yes,South,1
CUST00083,65,Female,41,139.49,3,2,Health,No,East,1
CUST00084,32,Female,32,79.08,2,4,Vehicle,No,South,0
CUST00085,25,Female,34,69.18,1,1,Vehicle,No,South,1
CUST00086,31,Male,28,217.13,1,3,Life,No,West,1
CUST00087,40,Female,15,169.63,0,10,Vehicle,No,North,0
CUST00088,57,Male,30,340.74,2,7,Health,No,South,0
CUST00089,38,Female,37,274.7,0,10,Vehicle,Yes,South,0
CUST00090,33,Female,29,169.71,1,3,Home,No,East,1
CUST00091,62,Male,22,117.16,1,4,Vehicle,Yes,East,0
CUST00092,35,Female,4,107.24,0,2,Life,No,West,1
CUST00093,64,Female,20,439.1,3,3,Health,Yes,West,1
CUST00094,41,Female,32,159.57,2,9,Life,Yes,South,0
CUST00095,43,Male,36,343.27,2,3,Home,No,North,1
CUST00096,42,Female,50,414.81,1,5,Vehicle,No,North,0
CUST00097,62,Male,4,326.34,3,2,Life,No,West,1
CUST00098,58,Female,27,436.8,3,4,Life,Yes,East,0
CUST00099,46,Male,17,226.58,2,7,Life,No,South,0
CUST00100,32,Male,12,480.3,1,7,Life,Yes,South,0
CUST00101,62,Female,22,109.92,4,3,Home,No,North,1
CUST00102,18,Female,17,95.97,3,5,Home,No,West,0
CUST00103,42,Male,10,346.41,2,1,Vehicle,No,North,1
CUST00104,24,Male,54,474.27,5,10,Vehicle,No,North,0
CUST00105,26,Female,1,414.0,1,10,Health,No,West,0
CUST00106,41,Male,22,84.39,0,10,Home,No,East,0
CUST00107,18,Female,26,175.72,1,1,Life,No,South,1
CUST00108,61,Female,56,468.64,4,5,Life,No,East,0
CUST00109,25,Female,59,163.88,1,10,Health,No,West,0
CUST00110,41,Female,18,401.53,0,9,Life,Yes,West,0
CUST00111,28,Male,50,421.31,2,1,Health,No,South,1
CUST00112,68,Female,14,272.95,1,1,Vehicle,No,East,1
CUST00113,34,Male,47,223.86,3,4,Home,No,South,0
CUST00114,25,Female,29,252.56,4,4,Health,Yes,North,0
CUST00115,52,Male,12,152.13,2,2,Life,Yes,North,1
CUST00116,52,Female,36,450.23,2,9,Health,No,North,0
CUST00117,50,Male,59,252.78,3,9,Vehicle,No,East,0
CUST00118,22,Male,35,447.11,1,2,Life,Yes,North,1
CUST00119,59,Female,52,97.56,1,9,Vehicle,No,South,0
CUST00120,56,Female,12,494.72,4,6,Vehicle,No,East,0
CUST00121,58,Female,7,249.47,1,8,Health,No,South,0
CUST00122,45,Female,29,71.52,1,10,Vehicle,Yes,West,0
CUST00123,24,Male,11,67.11,1,4,Life,Yes,East,1
CUST00124,26,Female,33,385.79,3,2,Vehicle,No,South,1
CUST00125,25,Male,6,346.57,3,2,Vehicle,Yes,South,1
CUST00126,29,Male,47,410.96,3,9,Health,Yes,East,0
CUST00127,51,Female,15,97.42,1,1,Vehicle,No,West,1
CUST00128,50,Male,32,66.01,0,7,Home,No,East,0
CUST00129,65,Male,51,278.86,1,3,Health,Yes,North,1
CUST00130,40,Male,11,224.42,2,3,Health,Yes,North,1
CUST00131,41,Male,58,257.88,1,2,Life,Yes,West,1
CUST00132,54,Female,23,496.21,3,10,Life,Yes,South,0
CUST00133,52,Female,26,486.84,3,6,Life,No,South,0
CUST00134,61,Female,34,474.04,3,10,Life,No,South,0
CUST00135,57,Female,46,402.73,2,2,Home,No,East,1
CUST00136,39,Male,34,209.68,2,10,Health,No,East,0
CUST00137,44,Male,29,235.46,1,4,Vehicle,No,West,0
CUST00138,52,Female,4,297.33,4,10,Life,Yes,North,1
CUST00139,18,Female,17,423.74,2,9,Life,No,South,0
CUST00140,52,Female,35,80.92,2,9,Life,No,North,0
CUST00141,54,Male,13,240.93,2,6,Vehicle,No,East,0
CUST00142,64,Female,41,87.18,1,4,Life,Yes,East,0
CUST00143,31,Female,39,281.6,1,7,Vehicle,No,East,0
CUST00144,20,Female,15,454.51,0,1,Health,No,North,1
CUST00145,18,Male,55,402.12,3,4,Health,No,West,0
CUST00146,22,Male,29,152.53,2,5,Health,Yes,West,0
CUST00147,43,Male,29,489.2,2,8,Home,No,East,0
CUST00148,31,Male,11,350.31,2,2,Vehicle,No,South,1
CUST00149,56,Male,52,54.69,2,5,Life,No,North,0
CUST00150,44,Male,32,164.94,3,6,Life,No,East,0
CUST00151,26,Male,2,167.32,2,5,Life,Yes,North,1
CUST00152,32,Male,47,81.16,3,9,Life,Yes,North,0
CUST00153,32,Female,14,481.92,5,10,Home,No,West,0
CUST00154,43,Female,20,265.21,1,1,Life,No,East,1
CUST00155,59,Male,22,453.12,3,3,Home,Yes,West,1
CUST00156,30,Male,11,195.0,1,2,Vehicle,No,East,1
CUST00157,68,Female,27,106.36,2,3,Health,No,North,1
CUST00158,49,Male,3,263.45,0,10,Life,Yes,West,1
CUST00159,56,Male,17,101.28,1,9,Health,No,North,0
CUST00160,66,Male,44,268.71,1,9,Vehicle,No,East,0
CUST00161,69,Female,56,464.13,2,10,Vehicle,No,South,0
CUST00162,49,Female,28,284.35,6,2,Life,No,West,1
CUST00163,21,Female,29,327.42,1,3,Vehicle,No,West,1
CUST00164,47,Female,21,120.49,3,4,Health,Yes,North,0
CUST00165,54,Female,47,69.68,1,9,Life,No,North,0
CUST00166,40,Male,16,99.86,3,3,Home,Yes,South,1
CUST00167,56,Female,37,319.34,3,7,Life,No,West,0
CUST00168,62,Male,59,92.76,1,3,Health,Yes,East,1
CUST00169,32,Male,20,219.2,1,7,Life,No,East,0
CUST00170,60,Female,6,297.54,3,7,Life,No,West,0
CUST00171,46,Female,19,224.89,3,9,Health,No,West,0
CUST00172,53,Male,57,123.66,0,2,Life,Yes,West,1
CUST00173,30,Male,5,173.21,2,6,Life,No,South,0
CUST00174,49,Male,3,467.74,3,9,Health,No,East,0
CUST00175,24,Female,59,354.19,4,2,Vehicle,No,East,1
CUST00176,68,Female,1,273.22,2,2,Health,Yes,North,1
CUST00177,39,Female,58,55.72,2,5,Life,No,North,0
CUST00178,45,Female,38,496.59,2,10,Home,No,West,0
CUST00179,19,Female,15,352.15,1,10,Home,Yes,North,0
CUST00180,59,Male,34,192.62,1,10,Health,No,South,0
CUST00181,62,Female,35,445.67,1,8,Home,No,East,0
CUST00182,23,Male,49,166.29,4,9,Life,No,East,0
CUST00183,45,Male,25,294.81,4,2,Life,No,North,1
CUST00184,45,Male,24,336.23,2,5,Health,No,West,0
CUST00185,61,Female,12,149.48,0,7,Life,No,North,0
CUST00186,61,Female,18,490.28,4,6,Vehicle,No,West,0
CUST00187,37,Female,15,386.69,2,6,Life,No,South,0
CUST00188,47,Male,44,301.02,7,7,Health,No,East,0
CUST00189,28,Male,16,131.27,2,3,Vehicle,No,South,1
CUST00190,45,Male,27,74.24,5,3,Vehicle,Yes,East,1
CUST00191,42,Male,8,194.03,2,10,Home,No,South,0
CUST00192,56,Male,46,388.93,2,9,Life,No,North,0
CUST00193,50,Male,25,171.2,3,8,Health,Yes,South,0
CUST00194,18,Female,17,292.8,2,5,Home,Yes,South,0
CUST00195,44,Female,29,377.58,1,6,Home,No,North,0
CUST00196,69,Female,53,98.57,0,10,Life,No,East,0
CUST00197,30,Female,8,358.38,1,1,Life,No,East,1
CUST00198,58,Male,15,91.34,5,10,Health,No,North,0
CUST00199,20,Male,27,484.31,3,1,Home,Yes,South,1
CUST00200,56,Female,46,269.78,1,4,Health,No,South,0
CUST00201,23,Male,50,117.8,3,2,Home,No,South,1
CUST00202,25,Female,52,204.07,1,7,Home,No,West,0
CUST00203,44,Female,7,236.04,2,2,Home,Yes,East,1
CUST00204,26,Female,3,391.18,4,10,Life,No,South,0
CUST00205,54,Male,29,384.54,0,2,Home,Yes,East,1
CUST00206,50,Female,44,325.37,0,5,Home,No,South,0
CUST00207,68,Female,53,97.67,3,4,Home,No,North,0
CUST00208,59,Female,24,118.21,3,8,Vehicle,No,North,0
CUST00209,61,Male,58,92.19,2,4,Life,Yes,East,0
CUST00210,41,Male,3,309.73,2,6,Vehicle,No,East,0
CUST00211,32,Female,20,444.71,1,5,Life,No,North,0
CUST00212,49,Male,46,245.21,4,2,Health,No,West,1
CUST00213,49,Male,15,122.38,2,8,Vehicle,No,North,0
CUST00214,41,Male,25,301.12,3,2,Health,No,South,1
CUST00215,58,Male,30,415.29,5,9,Home,No,West,0
CUST00216,69,Male,14,383.77,1,9,Health,No,North,0
CUST00217,66,Male,7,446.65,3,3,Health,No,West,1
CUST00218,66,Male,17,175.06,4,4,Health,Yes,West,0
CUST00219,69,Male,44,137.28,3,8,Health,No,West,0
CUST00220,29,Male,20,445.92,2,9,Life,No,East,0
CUST00221,56,Male,36,345.9,6,3,Vehicle,Yes,North,1
CUST00222,19,Female,9,189.92,1,5,Life,No,East,0
CUST00223,20,Female,38,384.06,1,8,Life,No,East,0
CUST00224,66,Male,48,416.8,5,3,Life,No,South,1
CUST00225,54,Female,57,326.74,1,7,Health,No,South,0
CUST00226,66,Female,22,359.55,3,8,Life,Yes,West,0
CUST00227,34,Male,54,218.87,0,10,Vehicle,No,West,0
CUST00228,66,Male,53,292.41,9,3,Life,Yes,South,1
CUST00229,19,Male,53,285.87,2,2,Home,No,South,1
CUST00230,19,Female,2,431.62,4,10,Health,Yes,North,1
CUST00231,45,Female,24,427.98,0,7,Home,Yes,West,0
CUST00232,40,Male,8,424.71,0,9,Vehicle,No,West,0
CUST00233,54,Male,11,54.96,1,1,Vehicle,No,South,1
CUST00234,49,Male,13,387.3,0,3,Vehicle,No,North,1
CUST00235,50,Female,17,391.4,3,5,Vehicle,No,South,0
CUST00236,18,Female,8,355.27,1,3,Life,Yes,South,1
CUST00237,36,Female,21,390.32,3,1,Health,Yes,East,1
CUST00238,19,Female,18,428.89,0,7,Vehicle,No,West,0
CUST00239,61,Male,30,261.64,3,7,Home,Yes,North,0
CUST00240,43,Male,18,275.92,3,10,Vehicle,No,East,0
CUST00241,49,Male,46,106.12,3,8,Health,No,West,0
CUST00242,23,Male,47,223.42,3,5,Home,No,South,0
CUST00243,49,Female,31,339.51,5,10,Home,No,North,0
CUST00244,21,Female,38,401.18,0,5,Home,No,West,0
CUST00245,28,Male,32,147.74,2,5,Life,No,South,0
CUST00246,34,Male,11,112.02,2,1,Vehicle,Yes,East,1
CUST00247,55,Female,45,348.37,4,10,Life,Yes,North,0
CUST00248,41,Male,25,50.85,0,5,Home,No,West,0
CUST00249,22,Female,33,130.27,3,6,Life,No,East,0
CUST00250,69,Male,38,63.08,1,1,Life,No,South,1
CUST00251,51,Male,41,125.1,1,7,Life,No,South,0
CUST00252,23,Male,8,131.59,6,1,Vehicle,Yes,West,1
CUST00253,39,Male,11,224.45,2,2,Home,No,South,1
CUST00254,28,Male,22,231.05,1,2,Home,No,North,1
CUST00255,65,Male,51,443.42,2,5,Vehicle,Yes,West,0
CUST00256,33,Male,24,279.55,2,10,Life,No,East,0
CUST00257,50,Female,41,375.53,2,7,Life,Yes,West,0
CUST00258,26,Female,17,96.86,3,1,Health,No,West,1
CUST00259,23,Female,12,151.45,2,10,Health,No,East,0
CUST00260,33,Female,57,366.32,1,1,Health,No,South,1
CUST00261,46,Female,46,73.76,5,1,Vehicle,No,East,1
CUST00262,20,Male,32,268.97,2,6,Home,No,North,0
CUST00263,37,Male,15,319.72,3,2,Health,No,South,1
CUST00264,53,Female,16,320.97,2,1,Home,No,West,1
CUST00265,36,Male,54,60.32,1,6,Home,No,South,0
CUST00266,43,Female,22,194.95,1,2,Home,No,South,1
CUST00267,20,Female,28,336.42,3,6,Vehicle,Yes,North,0
CUST00268,36,Male,20,117.05,0,10,Vehicle,No,South,0
CUST00269,37,Male,33,362.94,0,8,Vehicle,Yes,South,0
CUST00270,49,Male,10,385.67,1,2,Vehicle,Yes,South,1
CUST00271,24,Female,40,491.89,2,9,Health,No,West,0
CUST00272,69,Male,32,144.43,2,8,Life,No,South,0
CUST00273,58,Female,50,421.31,2,10,Life,Yes,East,0
CUST00274,50,Female,33,284.13,2,1,Life,No,South,1
CUST00275,57,Female,2,218.06,2,7,Health,No,North,0
CUST00276,56,Male,33,105.07,3,10,Life,No,South,0
CUST00277,35,Male,33,380.98,2,6,Health,Yes,South,0
CUST00278,57,Female,41,156.14,1,6,Health,No,West,0
CUST00279,18,Male,13,217.14,2,6,Health,No,East,0
CUST00280,28,Male,30,78.14,3,6,Life,No,South,0
CUST00281,45,Male,33,410.62,1,10,Home,Yes,East,0
CUST00282,42,Female,13,394.96,3,7,Life,Yes,North,0
CUST00283,67,Female,52,380.13,1,3,Life,No,West,1
CUST00284,40,Male,26,184.75,0,6,Vehicle,No,East,0
CUST00285,48,Female,22,128.07,3,3,Health,Yes,West,1
CUST00286,47,Male,39,336.9,3,7,Home,Yes,South,0
CUST00287,59,Male,2,273.27,2,7,Vehicle,No,North,0
CUST00288,52,Male,38,130.21,1,8,Home,Yes,West,0
CUST00289,24,Male,39,358.66,3,2,Home,No,South,1
CUST00290,33,Female,26,496.01,5,9,Health,Yes,East,0
CUST00291,43,Female,46,386.25,4,5,Life,Yes,North,0
CUST00292,65,Female,58,382.99,0,9,Health,No,North,0
CUST00293,69,Male,50,477.64,2,10,Health,No,East,0
CUST00294,66,Male,15,141.32,3,5,Vehicle,No,East,0
CUST00295,19,Male,34,304.5,2,7,Health,No,North,0
CUST00296,18,Female,42,490.84,4,9,Life,No,West,0
CUST00297,65,Male,55,124.38,4,4,Home,No,North,0
CUST00298,29,Female,44,365.11,1,2,Health,Yes,East,1
CUST00299,22,Female,49,313.61,4,9,Home,No,West,0
CUST00300,54,Female,40,313.92,0,2,Health,No,South,1
CUST00301,49,Female,11,363.95,1,3,Home,No,North,1
CUST00302,26,Female,3,468.33,2,10,Health,Yes,East,1
CUST00303,58,Female,59,402.16,1,2,Vehicle,No,South,1
CUST00304,52,Male,6,75.26,6,3,Home,No,North,1
CUST00305,36,Male,9,433.73,4,6,Health,No,North,0
CUST00306,65,Female,6,151.49,4,3,Health,Yes,West,1
CUST00307,33,Female,9,219.61,2,10,Vehicle,Yes,East,1
CUST00308,20,Male,39,257.78,2,8,Vehicle,No,South,0
CUST00309,37,Female,31,266.41,2,6,Vehicle,Yes,North,0
CUST00310,41,Female,32,245.83,5,7,Home,No,West,0
CUST00311,50,Male,41,471.81,2,1,Home,No,South,1
CUST00312,41,Female,50,367.71,3,3,Vehicle,Yes,South,1
CUST00313,69,Female,12,334.03,3,3,Life,No,North,1
CUST00314,28,Female,8,72.43,0,2,Life,No,South,1
CUST00315,66,Male,8,456.76,2,7,Health,No,North,0
CUST00316,25,Male,50,459.23,4,9,Life,Yes,West,0
CUST00317,53,Male,28,401.1,2,4,Health,Yes,West,0
CUST00318,55,Female,20,53.16,0,5,Home,No,South,0
CUST00319,57,Female,47,75.78,1,3,Home,Yes,North,1
CUST00320,37,Male,59,151.35,1,9,Life,No,East,0
CUST00321,52,Female,7,109.11,1,4,Home,Yes,West,1
CUST00322,65,Female,11,229.48,3,5,Vehicle,No,North,0
CUST00323,42,Female,20,465.18,2,1,Vehicle,No,North,1
CUST00324,52,Female,16,262.43,3,2,Life,No,North,1
CUST00325,42,Female,4,56.03,3,9,Life,Yes,South,1
CUST00326,46,Male,6,177.24,2,2,Health,No,East,1
CUST00327,35,Female,58,70.07,1,5,Home,Yes,South,0
CUST00328,63,Male,22,66.33,1,8,Health,No,West,0
CUST00329,35,Female,26,174.07,5,3,Health,Yes,South,1
CUST00330,19,Male,3,174.03,1,6,Vehicle,No,North,0
CUST00331,52,Female,41,404.21,2,4,Vehicle,No,South,0
CUST00332,33,Male,42,488.68,2,7,Vehicle,Yes,North,0
CUST00333,58,Female,14,217.04,0,10,Vehicle,No,East,0
CUST00334,53,Male,11,243.0,0,3,Health,Yes,South,1
CUST00335,50,Female,18,430.16,3,6,Vehicle,No,South,0
CUST00336,21,Male,54,170.66,1,10,Home,No,South,0
CUST00337,50,Female,12,120.37,4,9,Vehicle,No,North,0
CUST00338,31,Male,23,433.89,4,10,Vehicle,No,North,0
CUST00339,38,Male,12,70.93,1,1,Vehicle,Yes,South,1
CUST00340,65,Female,13,328.86,5,3,Life,No,South,1
CUST00341,37,Female,25,302.9,1,2,Home,Yes,East,1
CUST00342,25,Male,45,205.66,0,8,Home,No,East,0
CUST00343,24,Female,51,191.84,2,7,Health,No,West,0
CUST00344,20,Male,58,397.34,3,2,Health,No,East,1
CUST00345,34,Male,19,88.89,1,6,Vehicle,Yes,East,0
CUST00346,50,Male,55,156.55,1,3,Life,No,East,1
CUST00347,65,Female,46,379.6,1,8,Health,No,North,0
CUST00348,29,Male,36,296.74,3,10,Health,No,East,0
CUST00349,68,Male,45,107.59,2,3,Vehicle,Yes,East,1
CUST00350,39,Female,8,446.96,2,10,Vehicle,Yes,South,1
CUST00351,39,Female,29,227.05,0,9,Health,Yes,North,0
CUST00352,63,Female,55,422.54,1,1,Health,No,West,1
CUST00353,47,Female,53,404.47,1,5,Home,Yes,West,0
CUST00354,55,Male,55,330.99,5,3,Life,No,East,1
CUST00355,55,Male,32,272.52,4,6,Home,Yes,West,0
CUST00356,62,Male,51,490.8,2,10,Health,No,West,0
CUST00357,68,Male,44,115.23,2,2,Home,No,West,1
CUST00358,25,Female,18,376.32,0,9,Home,No,East,0
CUST00359,44,Male,6,136.04,0,6,Health,No,West,0
CUST00360,44,Male,18,202.22,1,7,Vehicle,Yes,East,0
CUST00361,51,Female,19,188.91,2,5,Health,Yes,South,0
CUST00362,38,Male,22,476.17,3,9,Vehicle,Yes,South,0
CUST00363,47,Male,37,485.31,2,1,Health,No,West,1
CUST00364,50,Male,32,132.36,0,5,Health,No,South,0
CUST00365,45,Male,56,59.92,1,10,Health,No,East,0
CUST00366,64,Male,41,374.0,4,6,Life,No,South,0
CUST00367,50,Male,59,238.1,1,7,Vehicle,No,West,0
CUST00368,22,Female,3,89.98,3,4,Life,No,East,0
CUST00369,65,Female,28,357.69,0,1,Health,No,North,1
CUST00370,36,Male,10,295.3,1,8,Home,Yes,East,1
CUST00371,21,Male,51,491.23,3,10,Life,No,South,0
CUST00372,52,Female,35,152.33,2,4,Vehicle,No,North,0
CUST00373,66,Male,29,231.79,3,3,Health,No,East,1
CUST00374,34,Male,54,294.15,1,7,Life,No,North,0
CUST00375,61,Male,15,406.26,1,2,Home,No,North,1
CUST00376,45,Female,33,296.98,2,8,Life,Yes,North,0
CUST00377,47,Male,7,325.81,2,6,Vehicle,No,East,0
CUST00378,46,Female,12,151.77,2,7,Life,No,South,0
CUST00379,63,Male,49,431.11,4,5,Home,Yes,East,0
CUST00380,23,Female,30,242.88,1,9,Home,No,South,0
CUST00381,52,Female,21,113.43,2,5,Vehicle,No,East,0
CUST00382,58,Male,31,348.88,2,5,Home,No,East,0
CUST00383,54,Female,58,147.24,2,3,Health,Yes,East,1
CUST00384,41,Male,24,93.9,2,1,Home,No,South,1
CUST00385,46,Female,20,437.89,2,2,Health,No,East,1
CUST00386,66,Male,37,257.07,2,8,Life,No,North,0
CUST00387,63,Male,4,387.18,1,1,Health,No,East,1
CUST00388,48,Female,28,180.76,1,7,Health,No,North,0
CUST00389,52,Male,44,404.14,3,5,Life,No,West,0
CUST00390,50,Male,20,100.37,1,3,Home,No,West,1
CUST00391,69,Female,24,210.19,2,7,Health,No,South,0
CUST00392,38,Male,50,490.13,3,9,Home,No,South,0
CUST00393,49,Male,49,407.3,3,2,Life,Yes,West,1
CUST00394,40,Female,51,273.77,5,8,Vehicle,No,East,0
CUST00395,50,Female,32,202.9,1,9,Home,No,East,0
CUST00396,20,Male,41,442.46,3,3,Home,No,East,1
CUST00397,35,Male,36,295.18,2,2,Vehicle,Yes,West,1
CUST00398,42,Female,58,391.29,3,7,Vehicle,No,North,0
CUST00399,59,Female,53,389.35,1,5,Life,Yes,South,0
CUST00400,48,Male,34,58.08,1,5,Home,Yes,North,0
CUST00401,20,Female,36,106.81,4,10,Home,No,West,0
CUST00402,57,Male,2,346.83,0,5,Life,No,North,0
CUST00403,63,Male,15,122.73,4,4,Home,No,East,0
CUST00404,41,Male,34,164.97,2,5,Health,Yes,East,0
CUST00405,67,Male,36,475.99,1,4,Health,No,North,0
CUST00406,49,Male,6,302.08,0,6,Health,Yes,West,1
CUST00407,64,Female,39,387.83,3,4,Home,No,North,0
CUST00408,39,Female,42,301.09,1,2,Health,No,East,1
CUST00409,40,Female,51,298.63,1,9,Health,No,East,0
CUST00410,19,Female,51,92.37,2,2,Life,No,West,1
CUST00411,44,Male,58,204.65,0,9,Life,Yes,North,0
CUST00412,59,Male,54,177.09,5,10,Vehicle,No,East,0
CUST00413,19,Male,12,225.83,3,6,Vehicle,Yes,East,0
CUST00414,43,Male,3,409.25,0,9,Vehicle,No,North,0
CUST00415,34,Female,45,217.37,3,9,Vehicle,No,North,0
CUST00416,57,Male,18,253.26,1,3,Life,Yes,South,1
CUST00417,50,Male,40,228.82,0,1,Life,No,West,1
CUST00418,26,Female,21,92.03,1,1,Life,No,West,1
CUST00419,60,Female,15,248.48,1,3,Health,Yes,North,1
CUST00420,65,Female,33,138.02,1,5,Health,Yes,West,0
CUST00421,56,Female,35,134.03,0,3,Vehicle,Yes,East,1
CUST00422,46,Male,26,92.32,1,9,Health,No,North,0
CUST00423,59,Male,8,210.5,2,9,Home,No,North,0
CUST00424,43,Female,36,390.87,4,3,Life,Yes,North,1
CUST00425,52,Male,48,174.4,3,3,Vehicle,Yes,South,1
CUST00426,67,Male,30,190.56,1,5,Vehicle,No,West,0
CUST00427,42,Male,23,339.2,3,2,Home,No,South,1
CUST00428,41,Female,42,138.13,1,6,Health,No,East,0
CUST00429,30,Male,44,453.63,2,7,Vehicle,No,West,0
CUST00430,24,Female,14,284.09,2,9,Health,Yes,South,0
CUST00431,53,Male,14,251.42,2,6,Health,No,North,0
CUST00432,62,Male,2,301.02,1,3,Home,No,South,1
CUST00433,37,Male,55,124.72,0,5,Vehicle,Yes,North,0
CUST00434,18,Female,37,326.06,3,4,Health,No,South,0
CUST00435,25,Male,5,213.4,1,5,Health,No,South,0
CUST00436,63,Female,38,453.73,0,8,Home,No,South,0
CUST00437,33,Female,45,125.98,2,8,Home,Yes,North,0
CUST00438,31,Female,41,278.17,0,6,Health,No,South,0
CUST00439,29,Male,54,319.15,1,1,Home,No,West,1
CUST00440,68,Male,47,65.02,2,8,Health,No,West,0
CUST00441,40,Male,14,213.66,1,8,Vehicle,No,West,0
CUST00442,32,Male,56,379.69,5,2,Life,Yes,North,1
CUST00443,45,Female,39,419.17,3,4,Home,Yes,North,0
CUST00444,51,Female,25,190.92,1,2,Life,No,West,1
CUST00445,19,Female,20,409.37,1,4,Health,Yes,West,0
CUST00446,49,Male,2,485.49,0,10,Health,No,West,0
CUST00447,40,Female,39,435.59,0,7,Health,No,East,0
CUST00448,39,Male,6,102.94,2,9,Life,No,West,0
CUST00449,68,Female,17,382.88,2,8,Health,No,South,0
CUST00450,42,Male,59,193.85,4,9,Home,No,East,0
CUST00451,39,Male,25,494.79,0,8,Vehicle,Yes,East,0
CUST00452,39,Female,57,268.41,1,2,Vehicle,No,North,1
CUST00453,66,Female,28,105.1,1,7,Home,No,South,0
CUST00454,69,Female,2,376.33,1,2,Vehicle,No,North,1
CUST00455,59,Female,35,195.36,2,2,Life,Yes,North,1
CUST00456,23,Male,37,498.69,0,4,Health,No,South,0
CUST00457,32,Female,5,490.9,1,1,Health,Yes,North,1
CUST00458,60,Female,1,345.26,0,5,Health,Yes,South,1
CUST00459,54,Female,40,108.42,3,6,Life,Yes,South,0
CUST00460,50,Male,12,359.09,2,9,Life,No,North,0
CUST00461,25,Male,56,91.86,1,10,Life,Yes,West,0
CUST00462,61,Female,36,63.21,1,8,Home,Yes,North,0
CUST00463,61,Male,45,420.33,2,2,Life,Yes,East,1
CUST00464,22,Female,23,144.39,1,1,Vehicle,Yes,North,1
CUST00465,56,Male,47,220.56,0,2,Home,No,South,1
CUST00466,21,Male,31,488.06,5,7,Home,Yes,East,0
CUST00467,23,Male,11,201.58,4,4,Home,Yes,South,1
CUST00468,62,Male,10,183.42,2,10,Life,No,West,0
CUST00469,49,Female,3,463.19,0,5,Home,No,West,0
CUST00470,69,Female,54,99.84,3,7,Life,No,East,0
CUST00471,47,Female,14,391.81,2,3,Life,No,West,1
CUST00472,64,Male,16,494.63,6,10,Home,Yes,West,0
CUST00473,52,Female,10,455.58,3,2,Health,No,North,1
CUST00474,57,Female,29,343.25,1,7,Health,Yes,North,0
CUST00475,69,Female,10,191.33,2,5,Home,No,West,0
CUST00476,33,Male,12,164.44,1,1,Health,No,West,1
CUST00477,30,Male,30,418.66,3,1,Vehicle,Yes,North,1
CUST00478,67,Male,41,445.92,0,9,Vehicle,No,West,0
CUST00479,59,Female,1,286.45,4,5,Life,No,West,0
CUST00480,47,Female,5,159.95,3,1,Health,No,South,1
CUST00481,36,Female,20,100.82,1,7,Vehicle,No,West,0
CUST00482,34,Male,8,89.23,2,9,Home,No,East,0
CUST00483,36,Male,43,373.58,0,1,Health,Yes,South,1
CUST00484,45,Female,12,239.05,6,10,Vehicle,Yes,East,0
CUST00485,43,Male,1,457.41,3,4,Vehicle,No,West,0
CUST00486,54,Male,57,382.85,1,3,Home,No,North,1
CUST00487,43,Male,54,136.07,0,5,Life,No,South,0
CUST00488,40,Male,20,326.2,3,7,Home,No,North,0
CUST00489,26,Female,28,245.98,0,8,Life,No,South,0
CUST00490,29,Male,57,309.76,2,2,Vehicle,No,North,1
CUST00491,18,Male,43,382.13,2,7,Life,No,South,0
CUST00492,18,Male,37,412.79,3,1,Vehicle,No,South,1
CUST00493,64,Male,47,429.68,2,7,Vehicle,No,East,0
CUST00494,51,Female,37,164.29,2,8,Health,No,North,0
CUST00495,49,Female,12,64.0,2,2,Life,No,East,1
CUST00496,65,Male,37,382.68,3,9,Life,Yes,East,0
CUST00497,42,Male,49,97.85,2,1,Life,No,North,1
CUST00498,57,Male,49,191.71,1,6,Home,No,South,0
CUST00499,62,Male,56,51.72,2,1,Health,No,East,1
CUST00500,18,Male,44,356.75,3,3,Health,No,North,1
CUST00501,33,Male,56,125.21,2,6,Health,No,South,0
CUST00502,56,Female,28,344.88,0,3,Home,Yes,East,1
CUST00503,22,Male,47,496.28,3,8,Life,No,East,0
CUST00504,39,Female,15,82.7,3,5,Life,No,East,0
CUST00505,46,Female,6,84.69,2,2,Life,No,South,1
CUST00506,20,Male,44,203.17,1,4,Health,Yes,East,0
CUST00507,29,Female,59,439.87,6,9,Health,No,South,0
CUST00508,43,Female,20,146.99,6,4,Vehicle,No,West,0
CUST00509,33,Female,50,212.17,3,10,Home,No,East,0
CUST00510,68,Female,14,80.83,3,10,Home,No,West,0
CUST00511,54,Female,2,393.42,2,8,Health,No,North,0
CUST00512,39,Female,9,233.74,0,5,Vehicle,No,East,0
CUST00513,46,Male,37,391.66,1,10,Life,No,North,0
CUST00514,31,Female,20,456.62,1,1,Health,No,North,1
CUST00515,45,Female,26,154.74,0,7,Home,Yes,North,0
CUST00516,22,Female,29,413.33,4,3,Home,No,West,1
CUST00517,64,Male,1,76.59,3,10,Home,No,South,0
CUST00518,66,Female,55,454.48,3,8,Life,No,West,0
CUST00519,47,Male,35,342.85,1,3,Home,No,West,1
CUST00520,63,Female,6,443.4,2,1,Life,Yes,North,1
CUST00521,69,Male,37,50.08,2,5,Life,Yes,East,0
CUST00522,22,Male,53,126.09,1,2,Life,No,South,1
CUST00523,29,Female,59,225.39,2,4,Health,Yes,North,0
CUST00524,33,Female,5,220.78,0,1,Life,No,South,1
CUST00525,43,Male,33,152.03,1,9,Vehicle,No,West,0
CUST00526,43,Female,49,221.73,0,6,Home,No,South,0
CUST00527,65,Male,51,107.98,1,8,Health,Yes,South,0
CUST00528,38,Male,14,235.74,3,4,Home,Yes,East,0
CUST00529,56,Male,12,411.06,2,9,Life,No,North,0
CUST00530,53,Male,42,265.58,3,2,Health,No,South,1
CUST00531,50,Male,20,58.1,2,9,Vehicle,No,South,0
CUST00532,47,Female,53,239.65,1,5,Life,No,West,0
CUST00533,54,Male,50,62.23,3,6,Home,No,West,0
CUST00534,40,Male,24,484.81,1,3,Vehicle,No,South,1
CUST00535,27,Female,59,107.35,2,4,Life,No,North,0
CUST00536,22,Male,43,368.46,3,6,Vehicle,No,South,0
CUST00537,53,Female,34,487.75,2,7,Life,Yes,South,0
CUST00538,51,Female,25,421.72,1,1,Health,Yes,East,1
CUST00539,69,Female,50,364.69,4,7,Life,No,North,0
CUST00540,48,Male,29,427.76,1,1,Health,No,East,1
CUST00541,27,Male,57,491.81,2,5,Life,Yes,North,0
CUST00542,36,Male,39,329.61,0,6,Life,Yes,North,0
CUST00543,49,Female,31,301.63,0,2,Home,No,North,1
CUST00544,18,Male,56,332.71,1,10,Vehicle,Yes,East,0
CUST00545,22,Female,47,289.7,3,9,Vehicle,No,East,0
CUST00546,62,Male,43,335.79,1,10,Vehicle,No,East,0
CUST00547,21,Female,50,252.43,1,6,Life,No,West,0
CUST00548,33,Male,23,148.3,0,7,Life,No,East,0
CUST00549,41,Male,44,104.11,2,10,Life,No,West,0
CUST00550,33,Male,38,80.75,1,8,Health,No,West,0
CUST00551,19,Female,20,168.49,2,10,Health,No,West,0
CUST00552,66,Female,23,70.76,1,1,Home,No,South,1
CUST00553,45,Male,45,305.23,1,8,Life,No,South,0
CUST00554,49,Male,52,177.72,4,4,Vehicle,Yes,South,0
CUST00555,44,Female,16,421.04,2,10,Vehicle,Yes,West,0
CUST00556,37,Female,50,83.41,0,8,Home,Yes,West,0
CUST00557,41,Female,42,151.86,1,6,Vehicle,Yes,North,0
CUST00558,29,Male,55,378.61,2,9,Home,No,West,0
CUST00559,67,Female,8,319.46,4,4,Life,No,South,0
CUST00560,52,Male,50,79.02,1,2,Vehicle,No,West,1
CUST00561,50,Female,21,444.76,0,2,Life,No,West,1
CUST00562,50,Male,1,444.77,3,5,Health,No,North,0
CUST00563,68,Female,55,198.68,1,10,Vehicle,No,West,0
CUST00564,60,Female,8,203.18,5,9,Health,No,East,0
CUST00565,54,Female,29,495.06,2,3,Vehicle,Yes,North,1
CUST00566,29,Female,32,331.78,6,8,Life,Yes,West,0
CUST00567,20,Female,38,289.09,0,4,Home,No,West,0
CUST00568,18,Male,5,427.17,2,6,Life,No,North,0
CUST00569,50,Female,47,178.38,1,10,Life,Yes,West,0
CUST00570,57,Female,22,243.13,2,6,Life,Yes,South,0
CUST00571,27,Female,47,170.5,0,3,Vehicle,No,East,1
CUST00572,60,Male,34,405.12,2,5,Home,Yes,East,0
CUST00573,61,Female,1,308.01,2,3,Health,No,South,1
CUST00574,46,Male,55,346.47,1,1,Life,No,West,1
CUST00575,30,Female,55,163.54,3,7,Vehicle,No,West,0
CUST00576,29,Female,26,149.1,1,4,Health,No,East,0
CUST00577,48,Male,43,269.77,0,7,Life,No,West,0
CUST00578,63,Female,10,381.9,1,3,Health,No,East,1
CUST00579,19,Male,30,286.36,1,5,Life,No,East,0
CUST00580,68,Male,50,64.69,2,5,Health,No,South,0
CUST00581,67,Female,18,440.85,3,2,Health,Yes,East,1
CUST00582,52,Male,17,79.11,5,10,Home,No,West,0
CUST00583,40,Female,26,480.12,1,2,Home,No,West,1
CUST00584,34,Female,8,61.31,2,4,Life,No,North,0
CUST00585,43,Male,47,362.5,3,4,Vehicle,No,West,0
CUST00586,25,Male,40,86.99,3,4,Home,No,North,0
CUST00587,46,Male,49,459.8,3,6,Health,Yes,East,0
CUST00588,43,Male,12,258.99,0,2,Home,No,West,1
CUST00589,27,Female,27,111.89,3,6,Home,No,South,0
CUST00590,43,Female,8,203.37,3,7,Life,No,South,0
CUST00591,51,Male,25,124.17,2,10,Home,No,South,0
CUST00592,68,Female,46,126.76,4,3,Home,Yes,East,1
CUST00593,58,Female,4,476.65,2,8,Health,No,East,0
CUST00594,24,Female,33,250.36,1,2,Home,Yes,North,1
CUST00595,21,Female,1,404.96,0,8,Health,No,South,0
CUST00596,67,Male,19,337.82,2,5,Home,No,North,0
CUST00597,62,Male,31,354.39,0,2,Home,Yes,North,1
CUST00598,28,Female,16,109.26,3,7,Vehicle,No,West,0
CUST00599,46,Male,14,155.38,1,2,Home,Yes,West,1
CUST00600,53,Male,53,404.04,0,6,Health,Yes,South,0
CUST00601,42,Male,48,486.84,2,10,Health,No,East,0
CUST00602,38,Female,5,168.2,0,3,Life,No,West,1
CUST00603,53,Female,41,172.21,1,9,Life,No,East,0
CUST00604,27,Female,26,262.8,1,3,Vehicle,No,North,1
CUST00605,54,Male,28,492.73,2,3,Health,No,North,1
CUST00606,26,Female,2,171.03,1,5,Health,No,North,0
CUST00607,41,Female,50,233.14,0,7,Health,Yes,North,0
CUST00608,52,Male,6,451.17,1,8,Vehicle,Yes,South,1
CUST00609,66,Female,9,51.31,0,7,Health,No,North,0
CUST00610,52,Female,33,67.89,2,9,Life,No,West,0
CUST00611,65,Male,41,321.83,2,5,Vehicle,No,North,0
CUST00612,53,Male,25,458.32,1,10,Life,No,East,0
CUST00613,35,Male,48,157.49,2,3,Life,No,West,1
CUST00614,66,Female,13,261.34,3,6,Vehicle,Yes,East,0
CUST00615,56,Female,9,252.71,1,5,Home,Yes,East,1
CUST00616,49,Female,53,262.84,2,4,Home,No,South,0
CUST00617,41,Male,13,330.13,3,2,Life,No,South,1
CUST00618,40,Male,31,261.38,2,7,Home,No,East,0
CUST00619,49,Female,41,251.36,3,5,Health,Yes,East,0
CUST00620,54,Female,11,263.43,2,4,Vehicle,No,North,0
CUST00621,29,Male,4,315.89,2,8,Life,Yes,West,1
CUST00622,66,Male,34,291.65,1,9,Health,Yes,North,0
CUST00623,30,Male,38,434.36,6,9,Home,No,South,0
CUST00624,40,Male,46,72.27,2,3,Health,Yes,South,1
CUST00625,42,Female,4,424.99,2,3,Home,No,North,1
CUST00626,52,Male,38,429.77,1,5,Life,Yes,West,0
CUST00627,58,Female,19,178.21,1,5,Health,No,East,0
CUST00628,47,Female,6,258.28,1,10,Vehicle,No,North,0
CUST00629,34,Female,34,247.34,2,2,Life,No,South,1
CUST00630,66,Male,18,148.33,5,1,Health,No,West,1
CUST00631,37,Male,13,228.56,2,8,Health,Yes,South,0
CUST00632,65,Male,41,69.97,1,3,Home,No,West,1
CUST00633,42,Male,23,175.02,1,1,Life,No,West,1
CUST00634,39,Female,19,417.51,2,1,Life,Yes,West,1
CUST00635,30,Male,45,178.05,3,2,Life,No,North,1
CUST00636,36,Male,11,418.19,1,6,Life,Yes,North,1
CUST00637,66,Female,1,289.22,2,6,Home,No,North,0
CUST00638,53,Male,24,445.94,5,3,Vehicle,No,West,1
CUST00639,29,Female,54,308.65,1,4,Life,Yes,West,0
CUST00640,58,Female,7,63.35,2,2,Home,No,South,1
CUST00641,36,Female,25,353.94,4,2,Vehicle,No,East,1
CUST00642,29,Female,21,70.18,4,7,Vehicle,No,North,0
CUST00643,26,Female,15,252.77,3,1,Home,No,West,1
CUST00644,24,Female,1,468.24,2,7,Life,No,South,0
CUST00645,45,Female,12,124.34,2,1,Vehicle,No,South,1
CUST00646,31,Female,58,225.44,1,6,Life,No,South,0
CUST00647,48,Male,7,378.44,1,3,Life,Yes,North,1
CUST00648,69,Male,15,447.02,1,8,Health,No,North,0
CUST00649,36,Male,21,351.92,3,6,Life,No,East,0
CUST00650,64,Male,19,166.18,4,2,Health,No,South,1
CUST00651,33,Female,29,353.57,0,8,Vehicle,No,North,0
CUST00652,22,Male,25,183.53,3,5,Home,No,South,0
CUST00653,52,Female,33,373.29,3,8,Health,No,West,0
CUST00654,29,Male,49,479.31,2,8,Home,No,South,0
CUST00655,42,Male,32,374.63,3,6,Vehicle,No,East,0
CUST00656,69,Male,49,438.3,5,2,Life,No,North,1
CUST00657,38,Female,35,50.95,3,8,Vehicle,No,West,0
CUST00658,53,Male,44,372.91,1,6,Home,No,North,0
CUST00659,40,Female,38,423.31,2,6,Vehicle,No,West,0
CUST00660,33,Female,26,68.25,0,8,Life,Yes,South,0
CUST00661,56,Male,11,442.22,2,1,Vehicle,No,South,1
CUST00662,62,Male,35,165.51,3,2,Life,No,East,1
CUST00663,59,Male,8,349.38,4,9,Health,Yes,East,1
CUST00664,56,Female,46,410.16,0,8,Home,Yes,West,0
CUST00665,31,Male,14,348.2,1,7,Life,No,East,0
CUST00666,48,Female,10,91.53,1,7,Life,No,East,0
CUST00667,22,Female,2,318.34,1,5,Vehicle,No,East,0
CUST00668,52,Male,46,297.31,0,2,Health,Yes,East,1
CUST00669,40,Male,9,455.14,1,6,Life,Yes,South,1
CUST00670,46,Female,3,231.91,2,10,Health,No,East,0
CUST00671,60,Female,21,194.49,3,3,Health,No,South,1
CUST00672,28,Female,26,387.43,4,4,Vehicle,Yes,South,0
CUST00673,35,Male,8,235.7,1,10,Life,No,North,0
CUST00674,64,Female,48,340.74,4,2,Vehicle,No,South,1
CUST00675,29,Male,2,340.9,1,2,Home,Yes,South,1
CUST00676,26,Female,6,449.62,2,8,Home,Yes,East,1
CUST00677,27,Female,28,319.41,1,8,Life,Yes,South,0
CUST00678,61,Male,53,275.97,2,10,Health,No,West,0
CUST00679,34,Female,29,112.49,5,6,Life,No,East,0
CUST00680,55,Male,26,102.08,2,5,Life,No,East,0
CUST00681,24,Male,25,119.44,0,8,Home,No,East,0
CUST00682,63,Female,12,127.33,2,4,Home,No,North,0
CUST00683,30,Male,5,337.04,2,4,Health,No,East,0
CUST00684,57,Male,34,383.44,2,5,Health,No,South,0
CUST00685,59,Female,48,288.5,1,1,Life,Yes,West,1
CUST00686,26,Male,37,423.06,5,1,Vehicle,No,East,1
CUST00687,67,Male,15,496.07,1,2,Life,No,East,1
CUST00688,44,Male,44,419.01,1,8,Health,No,West,0
CUST00689,19,Female,36,362.7,3,7,Vehicle,No,East,0
CUST00690,22,Male,15,289.62,4,10,Home,Yes,North,0
CUST00691,46,Female,43,251.98,4,9,Health,No,South,0
CUST00692,54,Female,48,87.98,0,5,Health,No,West,0
CUST00693,55,Male,23,229.72,1,2,Vehicle,No,West,1
CUST00694,36,Male,6,459.56,2,7,Health,No,North,0
CUST00695,25,Male,46,413.61,1,8,Health,No,South,0
CUST00696,65,Female,50,147.22,1,7,Health,No,North,0
CUST00697,62,Male,44,259.97,1,7,Health,No,South,0
CUST00698,18,Male,59,417.53,5,5,Health,No,North,0
CUST00699,39,Male,43,80.32,3,2,Health,No,East,1
CUST00700,69,Male,45,224.33,4,6,Health,No,North,0
CUST00701,34,Male,21,433.33,1,4,Health,No,West,0
CUST00702,24,Female,23,231.75,1,10,Home,No,West,0
CUST00703,42,Female,43,84.93,1,2,Health,Yes,West,1
CUST00704,62,Male,55,294.14,1,9,Home,Yes,North,0
CUST00705,21,Male,16,437.78,1,7,Home,No,West,0
CUST00706,53,Male,47,315.63,2,6,Life,No,West,0
CUST00707,23,Male,53,151.83,0,5,Life,No,East,0
CUST00708,48,Female,15,222.91,2,3,Home,No,East,1
CUST00709,36,Male,25,252.56,7,10,Home,Yes,South,0
CUST00710,61,Female,36,310.67,2,10,Health,No,South,0
CUST00711,56,Female,11,391.71,3,4,Life,No,South,0
CUST00712,44,Male,51,94.49,1,3,Vehicle,No,North,1
CUST00713,27,Female,15,450.34,2,8,Life,No,South,0
CUST00714,43,Female,4,55.54,2,3,Home,No,North,1
CUST00715,36,Female,21,216.52,3,7,Home,Yes,North,0
CUST00716,56,Female,13,62.34,1,7,Health,No,South,0
CUST00717,20,Male,22,226.84,4,7,Health,Yes,South,0
CUST00718,62,Male,19,286.62,3,7,Life,No,North,0
CUST00719,30,Female,34,280.26,3,2,Health,No,East,1
CUST00720,67,Male,14,124.53,7,10,Vehicle,No,West,0
CUST00721,45,Male,4,340.58,3,3,Vehicle,No,West,1
CUST00722,37,Male,48,70.15,5,10,Health,No,West,0
CUST00723,45,Male,53,392.86,3,9,Vehicle,No,East,0
CUST00724,25,Male,52,475.99,2,3,Vehicle,Yes,North,1
CUST00725,58,Female,46,202.9,2,2,Life,No,South,1
CUST00726,56,Male,27,282.76,1,9,Vehicle,No,North,0
CUST00727,18,Male,29,220.51,3,10,Home,No,North,0
CUST00728,20,Male,47,53.02,0,9,Home,No,South,0
CUST00729,30,Male,28,223.64,1,4,Life,Yes,East,0
CUST00730,45,Female,35,406.27,1,9,Health,Yes,West,0
CUST00731,66,Female,8,318.19,2,3,Life,No,West,1
CUST00732,42,Female,16,95.57,2,7,Health,No,North,0
CUST00733,50,Female,42,431.21,0,7,Health,No,East,0
CUST00734,55,Male,36,288.99,3,8,Health,No,West,0
CUST00735,23,Female,30,428.78,1,10,Health,Yes,East,0
CUST00736,61,Male,18,311.1,0,4,Health,No,South,0
CUST00737,62,Male,2,301.86,3,3,Life,Yes,North,1
CUST00738,49,Male,49,97.37,2,3,Health,No,North,1
CUST00739,62,Male,13,125.31,0,5,Vehicle,Yes,East,0
CUST00740,64,Male,4,487.41,3,1,Vehicle,No,West,1
CUST00741,38,Female,26,152.82,2,10,Health,Yes,East,0
CUST00742,33,Female,25,489.85,1,3,Vehicle,No,South,1
CUST00743,38,Female,30,289.36,2,6,Home,No,West,0
CUST00744,28,Female,11,111.11,2,3,Life,No,West,1
CUST00745,54,Male,7,94.69,3,5,Life,No,East,0
CUST00746,53,Female,31,143.99,5,9,Health,No,South,0
CUST00747,52,Male,44,466.54,2,2,Health,Yes,West,1
CUST00748,36,Female,10,236.37,0,2,Home,No,North,1
CUST00749,37,Male,39,227.95,2,6,Health,No,South,0
CUST00750,35,Male,13,190.94,0,6,Vehicle,Yes,West,0
CUST00751,64,Female,31,116.18,2,8,Home,Yes,East,0
CUST00752,58,Male,7,269.53,3,2,Vehicle,No,West,1
CUST00753,66,Male,56,108.52,0,9,Life,No,North,0
CUST00754,31,Female,49,425.97,2,2,Vehicle,No,South,1
CUST00755,32,Male,42,216.68,1,1,Life,No,West,1
CUST00756,48,Female,42,218.66,2,10,Vehicle,Yes,North,0
CUST00757,18,Female,56,263.3,3,2,Life,Yes,West,1
CUST00758,20,Female,36,249.86,4,7,Health,No,West,0
CUST00759,33,Male,20,497.69,0,8,Vehicle,Yes,South,0
CUST00760,40,Male,4,295.42,0,5,Life,No,East,0
CUST00761,28,Male,54,89.69,1,6,Vehicle,No,East,0
CUST00762,29,Female,7,323.09,1,1,Home,Yes,North,1
CUST00763,27,Male,54,118.21,6,6,Health,No,North,0
CUST00764,49,Female,1,63.92,3,8,Life,Yes,North,1
CUST00765,33,Female,44,486.83,1,3,Home,No,South,1
CUST00766,25,Male,56,398.09,3,1,Vehicle,Yes,East,1
CUST00767,55,Female,45,491.05,2,4,Home,No,North,0
CUST00768,29,Male,42,265.05,1,1,Vehicle,No,North,1
CUST00769,41,Male,47,289.52,2,8,Health,No,West,0
CUST00770,45,Male,59,125.75,3,5,Home,No,West,0
CUST00771,25,Male,13,161.11,1,1,Health,Yes,North,1
CUST00772,45,Male,55,427.35,6,8,Life,No,West,0
CUST00773,53,Female,22,210.28,2,9,Vehicle,No,West,0
CUST00774,43,Female,54,422.07,0,10,Vehicle,No,West,0
CUST00775,25,Female,21,369.06,2,2,Health,Yes,South,1
CUST00776,67,Male,22,129.73,3,9,Health,No,North,0
CUST00777,45,Male,28,278.35,1,8,Life,Yes,North,0
CUST00778,45,Male,9,354.82,3,7,Home,No,West,0
CUST00779,54,Female,26,155.77,0,3,Vehicle,Yes,South,1
CUST00780,58,Male,9,423.81,1,2,Vehicle,No,West,1
CUST00781,53,Female,15,295.17,2,7,Life,Yes,South,0
CUST00782,44,Female,10,124.36,1,5,Life,No,North,0
CUST00783,34,Male,24,312.34,1,6,Health,No,West,0
CUST00784,26,Male,58,499.87,3,4,Health,Yes,North,0
CUST00785,50,Female,57,117.73,3,2,Home,No,South,1
CUST00786,37,Male,42,417.54,1,9,Life,Yes,East,0
CUST00787,30,Female,8,143.29,0,3,Home,No,South,1
CUST00788,45,Male,24,402.07,2,7,Life,No,East,0
CUST00789,65,Male,16,380.56,5,8,Vehicle,No,North,0
CUST00790,46,Female,49,185.22,0,2,Life,No,North,1
CUST00791,30,Male,26,196.62,1,6,Life,Yes,West,0
CUST00792,63,Female,27,406.63,2,8,Vehicle,No,East,0
CUST00793,52,Male,37,257.65,1,7,Life,Yes,South,0
CUST00794,23,Female,4,378.87,3,3,Home,No,North,1
CUST00795,35,Female,50,116.59,2,1,Health,No,East,1
CUST00796,68,Male,24,433.65,2,6,Health,No,South,0
CUST00797,22,Female,19,369.9,4,8,Home,Yes,East,0
CUST00798,64,Male,36,458.12,4,6,Vehicle,No,South,0
CUST00799,42,Male,39,109.57,0,5,Life,No,South,0
CUST00800,19,Male,10,316.86,3,8,Home,Yes,South,1
CUST00801,27,Female,25,319.6,3,2,Health,No,South,1
CUST00802,47,Female,18,209.06,1,1,Health,No,East,1
CUST00803,67,Male,19,256.31,4,1,Home,No,East,1
CUST00804,62,Male,36,67.09,3,4,Health,No,West,0
CUST00805,22,Female,10,385.64,1,6,Home,No,East,0
CUST00806,50,Male,33,297.2,1,9,Health,Yes,East,0
CUST00807,18,Male,55,75.98,1,1,Home,No,West,1
CUST00808,35,Female,50,356.34,1,1,Life,Yes,East,1
CUST00809,49,Male,5,260.05,1,5,Life,No,South,0
CUST00810,64,Female,47,65.51,1,10,Life,No,North,0
CUST00811,66,Male,49,486.32,1,5,Life,No,North,0
CUST00812,28,Female,35,477.1,6,5,Health,No,West,0
CUST00813,38,Male,44,280.81,2,10,Vehicle,Yes,East,0
CUST00814,43,Male,34,92.15,0,6,Home,No,East,0
CUST00815,42,Female,33,389.58,2,8,Vehicle,No,West,0
CUST00816,39,Male,55,271.37,1,3,Health,Yes,North,1
CUST00817,44,Female,21,186.1,2,9,Health,No,South,0
CUST00818,66,Male,17,271.14,3,1,Vehicle,No,East,1
CUST00819,30,Female,22,285.1,2,4,Vehicle,No,West,0
CUST00820,50,Female,48,303.22,1,9,Health,Yes,South,0
CUST00821,51,Female,37,248.55,4,8,Health,No,West,0
CUST00822,58,Female,15,322.59,2,10,Home,Yes,West,0
CUST00823,52,Male,35,463.43,5,9,Life,Yes,West,0
CUST00824,18,Male,28,213.02,0,1,Life,Yes,North,1
CUST00825,38,Female,7,376.57,1,9,Home,Yes,North,1
CUST00826,65,Female,32,452.5,0,3,Vehicle,Yes,West,1
CUST00827,23,Female,11,255.19,2,10,Health,No,East,0
CUST00828,45,Male,10,249.56,1,9,Vehicle,No,South,0
CUST00829,34,Male,9,320.95,2,1,Life,Yes,East,1
CUST00830,22,Male,14,316.13,2,1,Life,Yes,North,1
CUST00831,48,Male,13,412.97,2,9,Vehicle,No,South,0
CUST00832,22,Female,57,264.42,3,6,Life,No,West,0
CUST00833,55,Female,25,498.26,1,4,Health,Yes,East,0
CUST00834,20,Female,2,76.76,1,7,Home,Yes,East,1
CUST00835,40,Male,35,51.43,3,5,Vehicle,Yes,West,0
CUST00836,54,Male,7,338.09,2,10,Health,Yes,East,1
CUST00837,54,Male,21,184.3,5,7,Health,Yes,North,0
CUST00838,27,Female,18,158.17,2,8,Life,No,West,0
CUST00839,27,Female,3,190.35,0,8,Health,Yes,East,1
CUST00840,36,Male,42,165.22,1,1,Vehicle,No,West,1
CUST00841,34,Female,54,63.86,2,8,Health,Yes,South,0
CUST00842,38,Male,39,487.19,2,6,Home,No,West,0
CUST00843,31,Male,41,149.34,4,4,Health,No,East,0
CUST00844,26,Female,49,380.31,2,8,Health,No,North,0
CUST00845,63,Male,11,393.17,2,3,Home,No,West,1
CUST00846,18,Female,39,468.17,1,4,Health,No,West,0
CUST00847,68,Male,24,63.75,3,6,Health,No,East,0
CUST00848,62,Female,46,442.42,3,7,Life,No,North,0
CUST00849,30,Female,19,287.25,4,4,Vehicle,No,North,0
CUST00850,21,Female,4,334.64,5,4,Life,No,South,0
CUST00851,18,Male,26,340.01,0,7,Vehicle,No,South,0
CUST00852,66,Male,38,418.91,0,6,Home,No,East,0
CUST00853,57,Female,42,200.03,3,8,Home,No,North,0
CUST00854,49,Female,32,379.87,0,1,Home,Yes,North,1
CUST00855,51,Male,39,287.86,2,10,Vehicle,Yes,South,0
CUST00856,45,Male,45,407.03,4,7,Vehicle,No,South,0
CUST00857,48,Male,46,495.75,3,7,Vehicle,Yes,East,0
CUST00858,25,Female,36,140.29,0,7,Home,No,North,0
CUST00859,56,Male,40,497.59,0,7,Vehicle,Yes,West,0
CUST00860,43,Male,37,90.42,2,10,Health,No,South,0
CUST00861,51,Female,33,51.04,2,10,Life,No,East,0
CUST00862,20,Male,36,69.87,1,8,Home,No,North,0
CUST00863,67,Male,3,203.8,2,9,Life,No,North,0
CUST00864,29,Male,9,334.81,0,9,Health,No,South,0
CUST00865,18,Female,8,81.06,3,2,Vehicle,No,East,1
CUST00866,61,Female,33,52.55,0,7,Life,No,West,0
CUST00867,22,Female,59,471.69,0,7,Health,Yes,South,0
CUST00868,47,Female,6,419.87,1,4,Health,No,East,0
CUST00869,47,Female,41,414.13,2,9,Life,No,North,0
CUST00870,34,Female,39,447.99,1,8,Home,No,West,0
CUST00871,65,Female,4,365.02,4,1,Life,No,East,1
CUST00872,64,Male,13,96.98,5,2,Home,No,West,1
CUST00873,40,Male,49,229.6,1,2,Vehicle,Yes,East,1
CUST00874,32,Female,2,375.42,2,8,Home,Yes,East,1
CUST00875,54,Male,5,176.15,3,1,Vehicle,No,East,1
CUST00876,38,Male,44,359.33,3,4,Life,No,East,0
CUST00877,31,Female,27,61.02,2,10,Vehicle,No,West,0
CUST00878,19,Male,32,187.76,0,5,Health,Yes,South,0
CUST00879,28,Male,21,297.11,0,9,Vehicle,No,West,0
CUST00880,68,Male,8,334.44,0,7,Home,No,East,0
CUST00881,56,Male,38,309.67,3,8,Home,No,West,0
CUST00882,55,Male,8,363.99,1,9,Home,Yes,West,1
CUST00883,51,Female,50,52.74,5,7,Vehicle,Yes,West,0
CUST00884,55,Female,3,95.42,2,5,Home,Yes,East,1
CUST00885,67,Female,54,441.02,3,5,Home,Yes,West,0
CUST00886,51,Male,44,356.79,4,10,Health,Yes,North,0
CUST00887,35,Female,58,100.82,0,6,Vehicle,Yes,East,0
CUST00888,47,Male,3,428.93,0,5,Health,No,West,0
CUST00889,32,Male,22,159.0,0,9,Home,No,North,0
CUST00890,44,Male,6,265.22,1,3,Home,No,West,1
CUST00891,68,Male,2,115.34,1,3,Home,Yes,South,1
CUST00892,51,Female,23,369.55,1,7,Vehicle,No,West,0
CUST00893,69,Female,44,350.08,1,7,Life,No,West,0
CUST00894,55,Male,2,145.0,2,6,Home,Yes,South,1
CUST00895,50,Female,38,438.53,1,3,Home,No,East,1
CUST00896,41,Male,17,230.59,1,7,Home,Yes,South,0
CUST00897,32,Female,35,181.63,3,5,Home,No,East,0
CUST00898,47,Female,34,118.55,1,7,Vehicle,No,South,0
CUST00899,59,Male,23,169.78,2,2,Life,No,West,1
CUST00900,68,Female,30,59.91,1,6,Life,No,West,0
CUST00901,34,Male,52,312.47,2,8,Life,No,East,0
CUST00902,22,Female,8,429.0,3,1,Home,No,East,1
CUST00903,46,Male,22,297.04,3,4,Home,No,North,0
CUST00904,21,Male,44,148.67,0,1,Life,Yes,North,1
CUST00905,27,Female,58,65.15,2,1,Life,Yes,West,1
CUST00906,34,Female,36,146.58,0,10,Home,No,West,0
CUST00907,27,Male,5,237.25,3,8,Home,No,North,0
CUST00908,34,Female,13,391.83,3,7,Health,No,North,0
CUST00909,37,Female,29,134.53,1,10,Health,Yes,East,0
CUST00910,41,Male,31,373.91,0,1,Health,No,South,1
CUST00911,22,Male,47,440.12,1,2,Life,Yes,East,1
CUST00912,51,Female,57,254.28,1,4,Vehicle,No,North,0
CUST00913,23,Male,55,419.64,1,1,Home,No,West,1
CUST00914,19,Male,16,299.6,2,3,Health,No,North,1
CUST00915,30,Male,42,336.69,4,8,Vehicle,Yes,West,0
CUST00916,60,Female,30,286.83,2,8,Home,No,West,0
CUST00917,60,Female,57,258.43,3,8,Vehicle,No,West,0
CUST00918,65,Male,55,155.59,2,6,Life,No,West,0
CUST00919,28,Female,16,186.44,3,6,Life,No,South,0
CUST00920,68,Male,12,180.49,3,5,Life,No,North,0
CUST00921,64,Female,17,303.48,0,9,Health,No,East,0
CUST00922,40,Male,16,103.98,1,4,Home,No,West,0
CUST00923,33,Male,12,462.56,2,10,Life,Yes,West,0
CUST00924,48,Female,8,374.29,3,7,Health,No,East,0
CUST00925,28,Male,20,230.65,0,1,Health,No,East,1
CUST00926,33,Female,3,121.38,1,9,Health,Yes,West,1
CUST00927,25,Female,16,446.9,4,7,Health,Yes,East,0
CUST00928,21,Male,30,420.7,2,10,Life,No,East,0
CUST00929,57,Male,45,374.77,1,9,Health,Yes,South,0
CUST00930,21,Female,23,172.2,1,7,Life,No,East,0
CUST00931,42,Male,28,231.1,1,2,Life,Yes,North,1
CUST00932,20,Male,51,96.24,3,6,Health,No,North,0
CUST00933,49,Male,40,135.07,1,10,Life,No,North,0
CUST00934,20,Male,54,402.36,2,4,Home,No,West,0
CUST00935,44,Male,5,371.77,5,3,Home,No,North,1
CUST00936,46,Female,20,317.07,0,2,Vehicle,No,South,1
CUST00937,49,Female,40,453.08,3,6,Home,No,North,0
CUST00938,67,Male,56,312.47,2,8,Life,Yes,West,0
CUST00939,68,Male,44,260.14,1,6,Life,Yes,South,0
CUST00940,36,Male,1,203.17,1,9,Home,Yes,North,1
CUST00941,38,Female,57,473.2,3,5,Health,No,South,0
CUST00942,22,Male,30,87.22,1,2,Health,Yes,South,1
CUST00943,35,Female,21,468.9,1,8,Life,Yes,West,0
CUST00944,45,Female,20,422.02,1,9,Health,No,West,0
CUST00945,59,Female,6,108.47,2,10,Vehicle,No,South,0
CUST00946,39,Male,22,304.24,1,4,Vehicle,No,North,0
CUST00947,38,Female,18,439.95,2,6,Home,Yes,West,0
CUST00948,23,Male,8,307.31,3,10,Home,Yes,South,1
CUST00949,18,Female,39,458.24,2,8,Health,No,East,0
CUST00950,22,Male,32,474.34,3,9,Life,Yes,East,0
CUST00951,58,Female,33,240.07,2,5,Home,No,West,0
CUST00952,29,Male,53,219.79,1,6,Vehicle,No,North,0
CUST00953,43,Female,16,471.34,2,4,Home,No,East,0
CUST00954,63,Male,12,353.81,3,5,Home,Yes,East,0
CUST00955,51,Male,38,102.21,2,7,Vehicle,No,East,0
CUST00956,66,Male,52,69.03,0,9,Life,No,North,0
CUST00957,31,Male,34,304.08,3,10,Home,No,North,0
CUST00958,43,Female,14,468.58,1,6,Home,No,West,0
CUST00959,62,Female,36,429.91,1,6,Home,Yes,West,0
CUST00960,44,Male,33,354.13,4,8,Health,Yes,East,0
CUST00961,26,Female,23,112.6,3,4,Home,No,North,0
CUST00962,43,Male,50,164.4,3,3,Vehicle,No,South,1
CUST00963,64,Male,45,443.98,2,7,Life,No,East,0
CUST00964,39,Female,2,132.26,1,5,Life,No,West,0
CUST00965,64,Male,41,175.3,1,2,Vehicle,No,North,1
CUST00966,47,Male,21,108.32,0,2,Health,No,West,1
CUST00967,60,Female,2,354.25,4,6,Vehicle,No,West,0
CUST00968,65,Male,27,474.79,3,8,Life,Yes,North,0
CUST00969,34,Male,57,171.04,0,1,Vehicle,No,East,1
CUST00970,43,Male,9,263.93,0,6,Health,Yes,North,1
CUST00971,53,Male,1,335.45,6,2,Life,No,East,1
CUST00972,18,Female,11,499.76,2,2,Health,No,West,1
CUST00973,25,Female,3,97.16,6,7,Vehicle,No,North,0
CUST00974,66,Female,52,274.36,0,10,Home,Yes,South,0
CUST00975,52,Male,23,223.3,2,1,Vehicle,No,East,1
CUST00976,69,Male,26,439.62,0,6,Health,Yes,South,0
CUST00977,32,Female,4,264.19,1,7,Vehicle,No,East,0
CUST00978,64,Male,18,99.94,6,8,Home,Yes,North,0
CUST00979,39,Male,55,335.49,1,7,Health,No,South,0
CUST00980,31,Male,6,396.85,2,6,Vehicle,No,North,0
CUST00981,43,Male,35,51.3,1,9,Health,No,East,0
CUST00982,45,Female,22,436.53,1,3,Health,No,East,1
CUST00983,40,Female,43,133.71,4,6,Life,Yes,East,0
CUST00984,31,Female,15,298.43,5,4,Life,Yes,East,0
CUST00985,41,Male,22,237.11,3,2,Health,No,West,1
CUST00986,19,Female,37,373.84,1,1,Vehicle,No,East,1
CUST00987,62,Female,52,217.02,2,1,Vehicle,Yes,South,1
CUST00988,43,Male,42,441.39,3,10,Vehicle,No,East,0
CUST00989,31,Male,12,378.72,3,3,Home,No,North,1
CUST00990,68,Female,47,341.47,3,4,Health,Yes,West,0
CUST00991,24,Female,49,408.31,3,2,Health,Yes,South,1
CUST00992,20,Female,42,389.31,2,1,Home,Yes,West,1
CUST00993,64,Female,38,66.17,3,4,Health,No,West,0
CUST00994,40,Male,18,227.63,5,7,Health,No,West,0
CUST00995,63,Female,45,468.86,0,10,Home,No,North,0
CUST00996,60,Female,35,106.58,1,6,Life,No,West,0
CUST00997,64,Male,30,381.69,3,6,Health,Yes,West,0
CUST00998,62,Female,24,488.57,1,9,Home,No,East,0
CUST00999,35,Male,42,73.49,0,2,Vehicle,No,North,1
CUST01000,55,Male,30,356.99,1,4,Life,Yes,South,0
